month,team,revenue_eur,margin_eur,invoice_count,account_count,target_revenue_eur,unattributed_revenue_eur,revenue_with_missing_cost_eur,variance_to_target_eur,target_attainment_pct,rolling_3m_revenue_eur
2025-01,Benelux,0.0,0.0,0,0,240000.0,0.0,0.0,-240000.0,0.0,0.0
2025-02,Benelux,0.0,0.0,0,0,400000.0,0.0,0.0,-400000.0,0.0,0.0
2025-03,Benelux,0.0,0.0,0,0,280000.0,0.0,0.0,-280000.0,0.0,0.0
2025-04,Benelux,0.0,0.0,0,0,450000.0,0.0,0.0,-450000.0,0.0,0.0
2025-05,Benelux,331500.0,152935.35,3,2,420000.0,0.0,0.0,-88500.0,0.7892857143,331500.0
2025-06,Benelux,364000.0,157781.64,4,2,450000.0,0.0,0.0,-86000.0,0.8088888889,695500.0
2025-07,Benelux,0.0,0.0,0,0,330000.0,0.0,0.0,-330000.0,0.0,695500.0
2025-08,Benelux,188000.0,64915.64,1,1,240000.0,0.0,0.0,-52000.0,0.7833333333,552000.0
2025-09,Benelux,690523.23,230627.34,5,4,290000.0,0.0,154500.0,400523.23,2.3811145862,878523.23
2025-10,Benelux,217000.0,99739.71,2,1,410000.0,0.0,0.0,-193000.0,0.5292682927,1095523.23
2025-11,Benelux,425600.0,145413.08,2,2,360000.0,0.0,0.0,65600.0,1.1822222222,1333123.23
2025-12,Benelux,115200.0,47940.49,2,2,420000.0,0.0,0.0,-304800.0,0.2742857143,757800.0
2025-01,DACH,0.0,0.0,0,0,300000.0,0.0,0.0,-300000.0,0.0,0.0
2025-02,DACH,239100.0,113747.14,2,2,240000.0,0.0,0.0,-900.0,0.99625,239100.0
2025-03,DACH,893360.32,316921.9,5,4,370000.0,0.0,257000.0,523360.32,2.4144873514,1132460.32
2025-04,DACH,202113.96,55660.82,3,2,410000.0,0.0,0.0,-207886.04,0.492960878,1334574.28
2025-05,DACH,0.0,0.0,0,0,350000.0,0.0,0.0,-350000.0,0.0,1095474.28
2025-06,DACH,287500.0,134812.2,1,1,360000.0,0.0,0.0,-72500.0,0.7986111111,489613.96
2025-07,DACH,0.0,0.0,0,0,350000.0,0.0,0.0,-350000.0,0.0,287500.0
2025-08,DACH,83000.0,39706.19,1,1,410000.0,0.0,0.0,-327000.0,0.2024390244,370500.0
2025-09,DACH,302500.0,163158.54,2,2,340000.0,0.0,0.0,-37500.0,0.8897058824,385500.0
2025-10,DACH,271500.0,121409.87,1,1,230000.0,0.0,0.0,41500.0,1.1804347826,657000.0
2025-11,DACH,257500.0,134934.36,1,1,300000.0,0.0,0.0,-42500.0,0.8583333333,831500.0
2025-12,DACH,-93231.28,-42456.08,1,1,300000.0,0.0,0.0,-393231.28,-0.3107709333,435768.72
2025-01,Iberia,0.0,0.0,0,0,280000.0,0.0,0.0,-280000.0,0.0,0.0
2025-02,Iberia,0.0,0.0,0,0,360000.0,0.0,0.0,-360000.0,0.0,0.0
2025-03,Iberia,81500.0,35414.8,1,1,450000.0,0.0,0.0,-368500.0,0.1811111111,81500.0
2025-04,Iberia,276500.0,161632.49,1,1,400000.0,0.0,0.0,-123500.0,0.69125,358000.0
2025-05,Iberia,0.0,0.0,0,0,360000.0,0.0,0.0,-360000.0,0.0,358000.0
2025-06,Iberia,443500.0,175660.72,2,2,380000.0,0.0,0.0,63500.0,1.1671052632,720000.0
2025-07,Iberia,252000.0,148652.72,2,2,440000.0,0.0,0.0,-188000.0,0.5727272727,695500.0
2025-08,Iberia,242633.03,85618.41,3,3,260000.0,0.0,0.0,-17366.97,0.9332039615,938133.03
2025-09,Iberia,0.0,0.0,0,0,400000.0,0.0,0.0,-400000.0,0.0,494633.03
2025-10,Iberia,786502.42,340642.46,4,3,400000.0,0.0,0.0,386502.42,1.96625605,1029135.45
2025-11,Iberia,229900.0,74017.53,2,2,440000.0,0.0,0.0,-210100.0,0.5225,1016402.42
2025-12,Iberia,708800.0,187059.55,6,6,300000.0,0.0,235000.0,408800.0,2.3626666667,1725202.42
2025-01,Nordics,0.0,0.0,0,0,240000.0,0.0,0.0,-240000.0,0.0,0.0
2025-02,Nordics,0.0,0.0,0,0,280000.0,0.0,0.0,-280000.0,0.0,0.0
2025-03,Nordics,0.0,0.0,0,0,380000.0,0.0,0.0,-380000.0,0.0,0.0
2025-04,Nordics,0.0,0.0,0,0,300000.0,0.0,0.0,-300000.0,0.0,0.0
2025-05,Nordics,0.0,0.0,0,0,260000.0,0.0,0.0,-260000.0,0.0,0.0
2025-06,Nordics,0.0,0.0,0,0,430000.0,0.0,0.0,-430000.0,0.0,0.0
2025-07,Nordics,0.0,0.0,0,0,340000.0,0.0,0.0,-340000.0,0.0,0.0
2025-08,Nordics,0.0,0.0,0,0,450000.0,0.0,0.0,-450000.0,0.0,0.0
2025-09,Nordics,0.0,0.0,0,0,330000.0,0.0,0.0,-330000.0,0.0,0.0
2025-10,Nordics,0.0,0.0,0,0,410000.0,0.0,0.0,-410000.0,0.0,0.0
2025-11,Nordics,0.0,0.0,0,0,410000.0,0.0,0.0,-410000.0,0.0,0.0
2025-12,Nordics,0.0,0.0,0,0,280000.0,0.0,0.0,-280000.0,0.0,0.0
2025-01,Unassigned,121750.0,47488.84,5,4,,121750.0,0.0,, ,121750.0
2025-02,Unassigned,179250.0,103479.9,6,4,,179250.0,0.0,, ,301000.0
2025-03,Unassigned,93386.43,47337.87,5,5,,93386.43,0.0,, ,394386.43
2025-04,Unassigned,130789.22,68423.12,5,4,,130789.22,0.0,, ,403425.65
2025-05,Unassigned,128804.43,58464.34,6,5,,128804.43,0.0,, ,352980.08
2025-06,Unassigned,106807.98,49233.26,5,4,,106807.98,0.0,, ,366401.63
2025-07,Unassigned,71000.0,39549.64,2,2,,71000.0,0.0,, ,306612.41
2025-08,Unassigned,165250.0,87559.51,4,4,,165250.0,0.0,, ,343057.98
2025-09,Unassigned,192470.78,88580.48,6,5,,192470.78,0.0,, ,428720.78
2025-10,Unassigned,41500.0,18110.3,2,2,,41500.0,0.0,, ,399220.78
2025-11,Unassigned,311451.91,126343.82,9,6,,311451.91,31750.0,, ,545422.69
2025-12,Unassigned,154250.0,86804.05,6,5,,154250.0,7000.0,, ,507201.91
