invoice_id,invoice_date,account_id,opportunity_id,line_type,amount_eur,cost_eur
INV-0067,2024-12-13,ACC-006,OPP-1144,INVOICE,20400.00,11232.84
INV-0109,2025-09-18,ACC-012,,INVOICE,31750.00,16506.25
INV-0075,2025-11-23,ACC-024,,INVOICE,46250.00,24259.74
INV-0076,2025-02-18,ACC-009,,INVOICE,19250.00,9981.86
INV-0125,2025-05-28,ACC-017,,CREDIT_NOTE,-18135.79,-4317.57
INV-0048,2025-11-16,ACC-013,OPP-1102,INVOICE,152100.00,96661.15
INV-0099,2025-03-20,ACC-020,,INVOICE,59750.00,25615.23
INV-0097,2025-11-18,ACC-010,,INVOICE,36500.00,20983.30
INV-0032,2025-03-08,ACC-022,OPP-1075,INVOICE,165000.00,113549.79
INV-0044,2025-10-06,ACC-024,OPP-1090,INVOICE,276500.00,165375.56
INV-0121,2025-09-17,ACC-009,OPP-9002,INVOICE,27500.00,12375.00
INV-0037,2025-12-10,ACC-010,OPP-1081,INVOICE,13800.00,6564.08
INV-0083,2025-12-01,ACC-016,,INVOICE,7000.00,
INV-0089,2025-11-19,ACC-013,,INVOICE,58750.00,31703.07
INV-0035,2025-06-22,ACC-014,OPP-1078,INVOICE,172000.00,112583.36
INV-0015,2025-11-08,ACC-012,OPP-1045,INVOICE,44400.00,30243.02
INV-0063,2025-09-19,ACC-003,OPP-1135,INVOICE,185000.00,103927.75
INV-0027,2025-09-16,ACC-015,OPP-1066,INVOICE,69500.00,47164.27
INV-0080,2025-02-12,ACC-004,,INVOICE,19250.00,10614.87
INV-0108,2025-10-01,ACC-024,,INVOICE,30000.00,18764.65
INV-0057,2025-11-28,ACC-019,OPP-1117,INVOICE,257500.00,122565.64
INV-0091,2025-01-24,ACC-001,,INVOICE,30500.00,19492.07
INV-0053,2025-09-26,ACC-004,OPP-1107,INVOICE,129000.00,68548.51
INV-0102,2025-12-01,ACC-005,,INVOICE,11500.00,4486.39
INV-0119,2025-06-19,ACC-009,,INVOICE,30750.00,18643.63
INV-0016,2025-12-24,ACC-012,OPP-1045,INVOICE,29600.00,18470.09
INV-0005,2025-06-13,ACC-017,OPP-1014,INVOICE,77500.00,39470.67
INV-0022,2026-03-28,ACC-001,OPP-1058,INVOICE,14700.00,6507.11
INV-0079,2025-03-04,ACC-002,,INVOICE,14250.00,7511.40
INV-0081,2025-11-15,ACC-007,,INVOICE,31750.00,
INV-0004,2025-06-12,ACC-017,OPP-1011,INVOICE,271500.00,155255.92
INV-0024,2025-07-08,ACC-023,OPP-1060,INVOICE,139500.00,59346.20
INV-0041,2026-03-17,ACC-006,OPP-1085,INVOICE,185700.00,118821.15
INV-0036,2025-12-12,ACC-014,OPP-1080,INVOICE,235000.00,
INV-0123,2025-04-26,ACC-012,,CREDIT_NOTE,-12960.78,-5341.70
INV-0114,2025-04-28,ACC-021,,INVOICE,35750.00,22101.47
INV-0054,2025-04-19,ACC-021,OPP-1108,INVOICE,276500.00,114867.51
INV-0087,2025-02-03,ACC-011,,INVOICE,19250.00,7129.85
INV-0007,2025-11-16,ACC-011,OPP-1018,INVOICE,273500.00,183525.77
INV-0030,2025-02-07,ACC-005,OPP-1072,INVOICE,225500.00,116805.43
INV-0129,2025-03-10,ACC-006,OPP-1144,CREDIT_NOTE,-4139.68,-4046.58
INV-0047,2024-12-06,ACC-014,OPP-1098,INVOICE,214500.00,146231.74
INV-0035,2025-06-22,ACC-014,OPP-1078,INVOICE,172000.00,112583.36
INV-0006,2025-03-29,ACC-002,OPP-1016,INVOICE,257000.00,
INV-0092,2025-08-23,ACC-022,,INVOICE,55000.00,29157.48
INV-0131,2025-11-11,ACC-024,,CREDIT_NOTE,-14298.09,-7700.69
INV-0078,2025-08-17,ACC-007,,INVOICE,10750.00,5989.19
INV-0055,2025-09-15,ACC-011,OPP-1111,INVOICE,154500.00,
INV-0009,2025-12-06,ACC-008,OPP-1022,INVOICE,76500.00,35432.49
INV-0132,2025-12-06,ACC-003,OPP-1105,CREDIT_NOTE,-93231.28,-50775.20
INV-0082,2025-01-05,ACC-005,,INVOICE,20250.00,12549.67
INV-0025,2025-04-03,ACC-015,OPP-1063,INVOICE,188700.00,123587.33
INV-0105,2025-01-20,ACC-008,,INVOICE,53500.00,33450.67
INV-0073,2025-11-21,ACC-019,,INVOICE,51500.00,32724.96
INV-0033,2025-12-19,ACC-020,OPP-1076,INVOICE,135600.00,88995.39
INV-0017,2025-05-11,ACC-005,OPP-1049,INVOICE,61800.00,42390.31
INV-0070,2025-03-26,ACC-012,,INVOICE,43250.00,20338.82
INV-0071,2025-09-13,ACC-005,,INVOICE,38000.00,24075.09
INV-0020,2025-06-11,ACC-009,OPP-1054,INVOICE,80400.00,48799.66
INV-0065,2025-12-19,ACC-024,OPP-1141,INVOICE,167100.00,115568.74
INV-0088,2025-06-10,ACC-023,,INVOICE,33750.00,17377.11
INV-0001,2025-03-19,ACC-004,OPP-1001,INVOICE,184000.00,97685.63
INV-0130,2025-08-03,ACC-023,OPP-1060,CREDIT_NOTE,-54366.97,-28097.77
INV-0120,2025-02-10,ACC-009,OPP-9001,INVOICE,42000.00,18900.00
INV-0122,2025-06-08,ACC-018,OPP-9003,INVOICE,13750.00,6187.50
INV-0136,2025-05-01,ACC-020,,CREDIT_NOTE,-18559.78,-9135.96
INV-0113,2025-01-17,ACC-008,,INVOICE,15250.00,7691.22
INV-0057,2025-11-28,ACC-019,OPP-1117,INVOICE,257500.00,122565.64
INV-0003,2025-09-20,ACC-004,OPP-1005,INVOICE,289000.00,189176.94
INV-0095,2025-05-02,ACC-008,,INVOICE,25500.00,13416.34
INV-0064,2025-05-02,ACC-006,OPP-1138,INVOICE,228500.00,111086.38
INV-0098,2025-10-14,ACC-005,,INVOICE,11500.00,4625.05
INV-0051,2026-06-10,ACC-003,OPP-1103,INVOICE,127600.00,81225.07
INV-0023,2026-05-16,ACC-001,OPP-1058,INVOICE,9800.00,4425.82
INV-0068,2025-02-02,ACC-006,OPP-1144,INVOICE,13600.00,8547.43
INV-0021,2026-03-30,ACC-022,OPP-1055,INVOICE,194500.00,77044.04
INV-0093,2025-02-19,ACC-022,,INVOICE,32000.00,9672.05
INV-0050,2026-05-04,ACC-003,OPP-1103,INVOICE,191400.00,120733.45
INV-0046,2025-03-29,ACC-018,OPP-1094,INVOICE,81500.00,46085.20
INV-0117,2025-07-25,ACC-001,,INVOICE,43500.00,18350.39
INV-0107,2025-11-06,ACC-006,,INVOICE,14250.00,7070.61
INV-0072,2025-04-16,ACC-012,,INVOICE,49250.00,22892.97
INV-0011,2026-05-21,ACC-009,OPP-1028,INVOICE,48000.00,
INV-0110,2025-08-31,ACC-003,,INVOICE,46750.00,16821.32
INV-0103,2025-06-30,ACC-003,,INVOICE,31750.00,17170.61
INV-0045,2026-01-03,ACC-004,OPP-1092,INVOICE,123000.00,74605.17
INV-0135,2025-09-30,ACC-001,,CREDIT_NOTE,-16779.22,-4123.46
INV-0115,2025-11-25,ACC-013,,INVOICE,39000.00,25138.09
INV-0040,2025-08-27,ACC-022,OPP-1083,INVOICE,83000.00,43293.81
INV-0060,2025-11-03,ACC-016,OPP-1127,INVOICE,185500.00,125639.45
INV-0112,2025-12-17,ACC-016,,INVOICE,19750.00,10252.82
INV-0056,2025-06-03,ACC-017,OPP-1113,INVOICE,85500.00,35392.36
INV-0100,2025-12-09,ACC-019,,INVOICE,48000.00,20948.55
INV-0134,2025-03-05,ACC-008,,CREDIT_NOTE,-5000.68,-3469.99
INV-0024,2025-07-08,ACC-023,OPP-1060,INVOICE,139500.00,59346.20
INV-0014,2025-10-23,ACC-021,OPP-1037,INVOICE,86800.00,46658.04
INV-0042,2026-04-22,ACC-006,OPP-1085,INVOICE,123800.00,70720.21
INV-0106,2025-08-27,ACC-006,,INVOICE,52750.00,25722.50
INV-0052,2025-10-29,ACC-003,OPP-1105,INVOICE,271500.00,150090.13
INV-0133,2025-10-14,ACC-024,OPP-1024,CREDIT_NOTE,-14497.58,-6135.18
INV-0127,2025-04-14,ACC-006,OPP-1082,CREDIT_NOTE,-112386.04,-53761.75
INV-0019,2025-06-21,ACC-009,OPP-1054,INVOICE,120600.00,82555.67
INV-0066,2026-03-03,ACC-024,OPP-1141,INVOICE,111400.00,44297.00
INV-0026,2025-04-28,ACC-015,OPP-1063,INVOICE,125800.00,76627.56
INV-0090,2025-02-16,ACC-009,,INVOICE,47500.00,19471.47
INV-0104,2025-12-09,ACC-014,,INVOICE,19750.00,6903.19
INV-0039,2025-03-16,ACC-006,OPP-1082,INVOICE,291500.00,112249.58
INV-0086,2025-09-08,ACC-012,,INVOICE,54250.00,28510.16
INV-0013,2025-10-05,ACC-021,OPP-1037,INVOICE,130200.00,70602.25
INV-0013,2025-10-05,ACC-021,OPP-1037,INVOICE,130200.00,70602.25
INV-0046,2025-03-29,ACC-018,OPP-1094,INVOICE,81500.00,46085.20
INV-0096,2025-05-03,ACC-013,,INVOICE,33500.00,19332.79
INV-0002,2026-03-08,ACC-019,OPP-1002,INVOICE,103500.00,67601.56
INV-0085,2025-01-08,ACC-021,,INVOICE,2250.00,1077.53
INV-0124,2025-03-10,ACC-009,OPP-9001,CREDIT_NOTE,-18862.89,-3946.90
INV-0031,2025-10-28,ACC-010,OPP-1074,INVOICE,288500.00,176153.21
INV-0074,2025-04-16,ACC-018,,INVOICE,12500.00,4044.12
INV-0094,2025-04-13,ACC-017,,INVOICE,46250.00,18669.24
INV-0116,2025-09-26,ACC-013,,INVOICE,57750.00,26547.26
INV-0018,2025-05-23,ACC-005,OPP-1049,INVOICE,41200.00,25087.96
INV-0034,2026-02-16,ACC-020,OPP-1076,INVOICE,90400.00,55672.93
INV-0062,2025-08-05,ACC-007,OPP-1134,INVOICE,265500.00,171725.47
INV-0101,2025-11-17,ACC-013,,INVOICE,47750.00,19179.01
INV-0010,2025-08-26,ACC-024,OPP-1024,INVOICE,31500.00,13386.92
INV-0128,2025-06-15,ACC-018,,CREDIT_NOTE,-3192.02,-1804.13
INV-0049,2025-12-01,ACC-013,OPP-1102,INVOICE,101400.00,60695.43
INV-0012,2026-02-27,ACC-001,OPP-1032,INVOICE,222500.00,145401.64
INV-0118,2025-05-17,ACC-010,,INVOICE,49750.00,28902.88
INV-0043,2025-08-13,ACC-015,OPP-1087,INVOICE,188000.00,123084.36
INV-0077,2025-12-07,ACC-018,,INVOICE,48250.00,17855.00
INV-0111,2025-05-04,ACC-017,,INVOICE,56750.00,22141.61
INV-0059,2025-10-02,ACC-021,OPP-1126,INVOICE,236000.00,110466.37
INV-0084,2025-07-13,ACC-016,,INVOICE,27500.00,13099.97
INV-0069,2026-03-19,ACC-001,OPP-1146,INVOICE,78000.00,35959.15
INV-0029,2025-12-02,ACC-022,OPP-1070,INVOICE,65000.00,28273.74
INV-0038,2026-01-27,ACC-010,OPP-1081,INVOICE,9200.00,4384.14
INV-0126,2025-09-07,ACC-015,OPP-1087,CREDIT_NOTE,-66976.77,-56257.31
INV-0058,2025-06-11,ACC-003,OPP-1123,INVOICE,287500.00,152687.80
INV-0068,2025-02-02,ACC-006,OPP-1144,INVOICE,13600.00,8547.43
INV-0061,2026-02-26,ACC-022,OPP-1133,INVOICE,119000.00,66315.09
INV-0028,2025-09-05,ACC-002,OPP-1067,INVOICE,233000.00,92177.19
INV-0079,2025-03-04,ACC-002,,INVOICE,14250.00,7511.40
INV-0008,2025-07-25,ACC-001,OPP-1020,INVOICE,112500.00,44001.08
