month,team,target_revenue_eur
2025-01,Benelux,240000
2025-01,DACH,300000
2025-01,Iberia,280000
2025-01,Nordics,240000
2025-02,Benelux,400000
2025-02,DACH,240000
2025-02,Iberia,360000
2025-02,Nordics,280000
2025-03,Benelux,280000
2025-03,DACH,370000
2025-03,Iberia,450000
2025-03,Nordics,380000
2025-04,Benelux,450000
2025-04,DACH,410000
2025-04,Iberia,400000
2025-04,Nordics,300000
2025-05,Benelux,420000
2025-05,DACH,350000
2025-05,Iberia,360000
2025-05,Nordics,260000
2025-06,Benelux,450000
2025-06,DACH,360000
2025-06,Iberia,380000
2025-06,Nordics,430000
2025-07,Benelux,330000
2025-07,DACH,350000
2025-07,Iberia,440000
2025-07,Nordics,340000
2025-08,Benelux,240000
2025-08,DACH,410000
2025-08,Iberia,260000
2025-08,Nordics,450000
2025-09,Benelux,290000
2025-09,DACH,340000
2025-09,Iberia,400000
2025-09,Nordics,330000
2025-10,Benelux,410000
2025-10,DACH,230000
2025-10,Iberia,400000
2025-10,Nordics,410000
2025-11,Benelux,360000
2025-11,DACH,300000
2025-11,Iberia,440000
2025-11,Nordics,410000
2025-12,Benelux,420000
2025-12,DACH,300000
2025-12,Iberia,300000
2025-12,Nordics,280000
