opportunity_id,account_id,rep_id,created_date,close_date,stage,amount_eur
OPP-1001,ACC-004,REP-05,2024-10-10,2025-01-31,Won,184000.00
OPP-1002,ACC-019,REP-05,2025-10-29,2026-01-01,Won,103500.00
OPP-1003,ACC-023,REP-03,2025-03-23,2025-08-27,Lost,194500.00
OPP-1004,ACC-017,REP-02,2025-09-16,2025-11-11,Lost,148500.00
OPP-1005,ACC-004,REP-04,2025-02-28,2025-07-24,Won,289000.00
OPP-1006,ACC-016,REP-10,2025-05-18,2025-07-20,Lost,235000.00
OPP-1007,ACC-021,REP-10,2025-01-22,,Open,12000.00
OPP-1008,ACC-002,REP-07,2025-08-31,2025-11-25,Lost,228500.00
OPP-1009,ACC-007,REP-03,2025-04-24,2025-08-07,Won,131500.00
OPP-1010,ACC-017,REP-08,2025-06-11,2025-08-26,Lost,295000.00
OPP-1011,ACC-017,REP-11,2025-01-12,2025-05-22,Won,271500.00
OPP-1012,ACC-019,REP-09,2024-12-28,,Open,130000.00
OPP-1013,ACC-011,REP-02,2025-08-18,,Open,275500.00
OPP-1014,ACC-017,REP-04,2025-02-15,2025-04-23,Won,77500.00
OPP-1015,ACC-005,REP-12,2025-10-16,2026-01-16,Lost,74000.00
OPP-1016,ACC-002,REP-05,2025-01-05,2025-02-11,Won,257000.00
OPP-1017,ACC-018,REP-12,2025-10-24,,Open,168000.00
OPP-1018,ACC-011,REP-03,2025-05-08,2025-10-06,Won,273500.00
OPP-1019,ACC-018,REP-12,2025-05-29,,Open,62000.00
OPP-1020,ACC-001,REP-11,2025-03-09,2025-07-01,Won,112500.00
OPP-1021,ACC-008,REP-06,2025-09-08,2025-10-25,Lost,250500.00
OPP-1022,ACC-008,REP-10,2025-07-17,2025-10-06,Won,76500.00
OPP-1023,ACC-012,REP-10,2025-10-03,2026-02-06,Lost,84000.00
OPP-1024,ACC-024,REP-10,2025-03-15,2025-06-20,Won,31500.00
OPP-1025,ACC-001,REP-06,2025-04-06,2025-08-25,Won,161000.00
OPP-1026,ACC-003,REP-12,2024-11-23,2025-02-08,Lost,238500.00
OPP-1027,ACC-006,REP-05,2024-10-25,2024-12-22,Open,196000.00
OPP-1028,ACC-009,REP-10,2025-10-31,2026-03-28,Won,48000.00
OPP-1029,ACC-022,REP-05,2025-02-01,,Open,69000.00
OPP-1030,ACC-022,REP-12,2024-09-02,,Open,170500.00
OPP-1031,ACC-001,REP-07,2024-11-05,,Open,290000.00
OPP-1032,ACC-001,REP-03,2025-09-01,2026-01-16,Won,222500.00
OPP-1033,ACC-010,REP-11,2024-10-27,,Open,266000.00
OPP-1034,ACC-008,REP-03,2025-02-25,,Open,179500.00
OPP-1035,ACC-002,REP-08,2024-10-10,,Open,297000.00
OPP-1036,ACC-014,REP-12,2025-09-19,2025-12-17,Open,83500.00
OPP-1037,ACC-021,REP-03,2025-04-23,2025-07-30,Won,217000.00
OPP-1038,ACC-022,REP-09,2025-02-27,2025-03-29,Lost,72000.00
OPP-1039,ACC-009,REP-10,2025-02-16,,Open,317000.00
OPP-1040,ACC-007,REP-06,2024-12-01,2025-03-28,Lost,200000.00
OPP-1041,ACC-006,REP-01,2025-10-14,2026-02-20,Lost,237500.00
OPP-1042,ACC-002,REP-03,2025-06-14,,Open,143500.00
OPP-1043,ACC-011,REP-04,2024-09-24,,Open,227000.00
OPP-1044,ACC-012,REP-01,2025-10-13,,Open,129500.00
OPP-1045,ACC-012,REP-11,2025-06-27,2025-09-25,Won,74000.00
OPP-1046,ACC-011,REP-05,2025-01-20,2025-05-22,Lost,282000.00
OPP-1047,ACC-009,REP-12,2025-03-24,2025-05-12,Lost,29000.00
OPP-1048,ACC-023,REP-02,2025-01-17,,Open,95500.00
OPP-1049,ACC-005,REP-03,2025-02-17,2025-03-18,Won,103000.00
OPP-1050,ACC-017,REP-08,2024-10-23,,Open,217000.00
OPP-1051,ACC-013,REP-04,2025-04-12,,Open,52500.00
OPP-1052,ACC-002,REP-06,2024-12-26,,Open,188000.00
OPP-1053,ACC-002,REP-11,2024-10-06,2024-11-12,Won,139000.00
OPP-1054,ACC-009,REP-04,2025-01-10,2025-04-18,Won,201000.00
OPP-1055,ACC-022,REP-12,2025-09-30,2026-01-30,Won,194500.00
OPP-1056,ACC-009,REP-01,2025-08-18,2026-01-20,Lost,231000.00
OPP-1057,ACC-011,REP-03,2025-03-09,2025-05-16,Lost,66500.00
OPP-1058,ACC-001,REP-01,2025-10-31,2026-03-23,Won,24500.00
OPP-1059,ACC-010,REP-09,2025-05-28,2025-08-16,Lost,277500.00
OPP-1060,ACC-023,REP-09,2025-03-12,2025-05-19,Won,139500.00
OPP-1061,ACC-004,REP-02,2024-11-13,,Open,71000.00
OPP-1062,ACC-017,REP-05,2024-11-01,,Open,86500.00
OPP-1063,ACC-015,REP-08,2024-09-10,2025-01-30,Won,314500.00
OPP-1064,ACC-012,REP-05,2025-01-12,,Open,52500.00
OPP-1065,ACC-021,REP-03,2025-07-29,,Open,143000.00
OPP-1066,ACC-015,REP-06,2025-07-02,2025-09-01,Won,69500.00
OPP-1067,ACC-002,REP-08,2025-03-28,2025-07-20,Won,233000.00
OPP-1068,ACC-006,REP-10,2025-07-08,2025-08-02,Won,298500.00
OPP-1069,ACC-008,REP-05,2025-06-11,2025-07-23,Won,63500.00
OPP-1070,ACC-022,REP-11,2025-07-10,2025-10-30,Won,65000.00
OPP-1071,ACC-023,REP-09,2024-11-15,2025-03-13,Won,137500.00
OPP-1072,ACC-005,REP-08,2024-10-24,2024-12-01,Won,225500.00
OPP-1073,ACC-011,REP-10,2025-09-29,,Open,172500.00
OPP-1074,ACC-010,REP-10,2025-05-07,2025-10-03,Won,288500.00
OPP-1075,ACC-022,REP-08,2024-12-13,2025-01-08,Won,165000.00
OPP-1076,ACC-020,REP-12,2025-10-03,2025-11-03,Won,226000.00
OPP-1077,ACC-001,REP-03,2025-05-22,,Open,308500.00
OPP-1078,ACC-014,REP-10,2025-04-23,2025-05-27,Won,172000.00
OPP-1079,ACC-018,REP-10,2024-10-04,2024-11-04,Lost,274500.00
OPP-1080,ACC-014,REP-11,2025-08-01,2025-11-06,Won,235000.00
OPP-1081,ACC-010,REP-04,2025-05-30,2025-10-14,Won,23000.00
OPP-1082,ACC-006,REP-05,2024-09-17,2025-01-23,Won,291500.00
OPP-1083,ACC-022,REP-08,2025-05-11,2025-06-22,Won,83000.00
OPP-1084,ACC-016,REP-12,2025-01-27,2025-06-09,Lost,68000.00
OPP-1085,ACC-006,REP-08,2025-10-09,2026-02-24,Won,309500.00
OPP-1086,ACC-015,REP-06,2025-10-18,2026-03-22,Lost,227000.00
OPP-1087,ACC-015,REP-01,2025-03-18,2025-06-12,Won,188000.00
OPP-1088,ACC-016,REP-05,2025-04-25,2025-06-01,Lost,122500.00
OPP-1089,ACC-005,REP-03,2025-06-09,2025-10-24,Lost,161000.00
OPP-1090,ACC-024,REP-09,2025-04-13,2025-08-06,Won,276500.00
OPP-1091,ACC-009,REP-07,2025-07-05,,Open,30500.00
OPP-1092,ACC-004,REP-12,2025-08-01,2025-10-29,Won,123000.00
OPP-1093,ACC-021,REP-10,2025-06-30,2025-08-21,Lost,47500.00
OPP-1094,ACC-018,REP-12,2024-10-15,2025-03-04,Won,81500.00
OPP-1095,ACC-013,REP-11,2025-01-21,,Open,217000.00
OPP-1096,ACC-015,REP-05,2024-11-03,,Open,228000.00
OPP-1097,ACC-023,REP-03,2025-09-07,2025-11-26,Lost,162000.00
OPP-1098,ACC-014,REP-02,2024-09-02,2024-10-31,Won,214500.00
OPP-1099,ACC-009,REP-06,2025-02-06,2025-05-03,Open,160000.00
OPP-1100,ACC-022,REP-11,2025-03-15,2025-06-04,Lost,187000.00
OPP-1101,ACC-024,REP-10,2025-09-28,2026-02-14,Lost,171500.00
OPP-1102,ACC-013,REP-01,2025-07-16,2025-10-07,Won,253500.00
OPP-1103,ACC-003,REP-03,2025-10-25,2026-03-13,Won,319000.00
OPP-1104,ACC-018,REP-12,2025-01-14,2025-04-21,Lost,66000.00
OPP-1105,ACC-003,REP-07,2025-04-09,2025-08-28,Won,271500.00
OPP-1106,ACC-006,REP-06,2025-06-17,2025-10-30,Won,163000.00
OPP-1107,ACC-004,REP-01,2025-04-30,2025-09-07,Won,129000.00
OPP-1108,ACC-021,REP-10,2024-12-13,2025-03-12,Won,276500.00
OPP-1109,ACC-003,REP-03,2025-06-14,2025-09-24,Lost,205000.00
OPP-1110,ACC-012,REP-01,2025-05-07,2025-08-16,Won,89000.00
OPP-1111,ACC-011,REP-01,2025-04-08,2025-08-25,Won,154500.00
OPP-1112,ACC-007,REP-05,2025-03-22,2025-06-16,Lost,89000.00
OPP-1113,ACC-017,REP-01,2025-02-22,2025-05-07,Won,85500.00
OPP-1114,ACC-015,REP-01,2025-07-02,,Open,242500.00
OPP-1115,ACC-011,REP-02,2025-08-08,,Open,65500.00
OPP-1116,ACC-024,REP-04,2025-05-24,2025-10-19,Lost,214500.00
OPP-1117,ACC-019,REP-07,2025-05-17,2025-10-19,Won,257500.00
OPP-1118,ACC-007,REP-04,2025-03-09,2025-06-29,Lost,186000.00
OPP-1119,ACC-005,REP-11,2025-08-24,,Open,43500.00
OPP-1120,ACC-010,REP-02,2024-12-02,,Open,45500.00
OPP-1121,ACC-013,REP-03,2024-12-19,,Open,186000.00
OPP-1122,ACC-020,REP-02,2025-02-19,2025-07-27,Lost,208000.00
OPP-1123,ACC-003,REP-08,2024-12-26,2025-05-29,Won,287500.00
OPP-1124,ACC-006,REP-06,2024-11-11,,Open,151500.00
OPP-1125,ACC-003,REP-06,2024-10-03,,Open,142500.00
OPP-1126,ACC-021,REP-12,2025-05-19,2025-08-19,Won,236000.00
OPP-1127,ACC-016,REP-10,2025-06-21,2025-09-19,Won,185500.00
OPP-1128,ACC-014,REP-01,2024-12-12,2025-03-11,Lost,316500.00
OPP-1129,ACC-012,REP-11,2024-09-12,,Open,174000.00
OPP-1130,ACC-017,REP-11,2025-06-17,2025-08-09,Won,32500.00
OPP-1131,ACC-015,REP-03,2025-01-26,2025-05-15,Won,252000.00
OPP-1132,ACC-022,REP-06,2024-09-19,2025-02-09,Lost,47000.00
OPP-1133,ACC-022,REP-04,2025-08-31,2026-01-21,Won,119000.00
OPP-1134,ACC-007,REP-11,2025-03-30,2025-07-12,Won,265500.00
OPP-1135,ACC-003,REP-03,2025-04-16,2025-08-07,Won,185000.00
OPP-1136,ACC-022,REP-06,2025-08-09,2025-12-25,Lost,50500.00
OPP-1137,ACC-005,REP-04,2024-11-26,,Open,106000.00
OPP-1138,ACC-006,REP-03,2024-12-22,2025-04-16,Won,228500.00
OPP-1139,ACC-015,REP-05,2024-12-14,2025-01-07,Lost,219500.00
OPP-1140,ACC-023,REP-06,2025-10-27,,Open,45500.00
OPP-1141,ACC-024,REP-11,2025-09-12,2025-12-06,Won,278500.00
OPP-1142,ACC-002,REP-08,2025-03-24,2025-08-21,Lost,63500.00
OPP-1143,ACC-002,REP-06,2025-02-17,,Open,228500.00
OPP-1144,ACC-006,REP-05,2024-09-19,2024-10-27,Won,34000.00
OPP-1145,ACC-002,REP-12,2025-08-19,,Open,224000.00
OPP-1146,ACC-001,REP-10,2025-09-06,2026-01-31,Won,78000.00
OPP-1147,ACC-024,REP-09,2024-09-06,2025-01-02,Lost,287500.00
OPP-1148,ACC-002,REP-06,2025-06-18,,Open,307500.00
OPP-1149,ACC-024,REP-02,2025-06-01,,Open,50000.00
OPP-1150,ACC-006,REP-11,2025-06-26,2025-09-08,Lost,185000.00
